{
  "project_info": {
    "project_number": "123456789000",
    "firebase_url": "https://healthguard-app-default-rtdb.firebaseio.com",
    "project_id": "healthguard-app",
    "storage_bucket": "healthguard-app.appspot.com"
  },
  "client": [
    {
      "client_info": {
        "mobilesdk_app_id": "1:123456789000:android:abcdef123456",
        "android_client_info": {
          "package_name": "com.healthguard.eldercare"
        }
      },
      "oauth_client": [
        {
          "client_id": "123456789000-abcdefghijklmnopqrstuvwxyz.apps.googleusercontent.com",
          "client_type": 3
        }
      ],
      "api_key": [
        {
          "current_key": "AIzaSyABC123DEF456GHI789JKL012MNO345PQR"
        }
      ],
      "services": {
        "appinvite_service": {
          "other_platform_oauth_client": [
            {
              "client_id": "123456789000-abcdefghijklmnopqrstuvwxyz.apps.googleusercontent.com",
              "client_type": 3
            }
          ]
        }
      }
    }
  ],
  "configuration_version": "1"
}